ModelPath,AUC_Custom,PerfectPointFound,AUC_PR,AUC_ROC,CompositeF1
/kaggle/working/results/lstm_ae_model_ep200_ts43.h5,0.0006523157208088715,False,0.019910930824132356,0.7435039980698973,0.021582248600526068
